Story,Title,Moral,Keyword
"Once upon a time in a bustling city, there was a young boy who loved to explore. One day, he found a hidden alley filled with old books. He spent hours reading and learning about ancient cultures. Eventually, he grew up to become a renowned historian. His curiosity and love for knowledge led him to great success.","The Curious Explorer","Curiosity can lead to great achievements.","Curiosity"
"In a small village, there was a poor farmer who worked hard every day. Despite his efforts, he never seemed to have enough. One day, he discovered a hidden well on his land that provided endless water. With this resource, he was able to grow plentiful crops and improve his life. His perseverance paid off in the end.","The Hidden Treasure","Hard work and perseverance can reveal unexpected rewards.","Perseverance"
"A diligent student spent every night studying for his exams. Despite his hard work, he was anxious about his results. When the results came, he had aced all his exams. His dedication and discipline were key to his success.","The Dedicated Student","Dedication and discipline lead to success.","Dedication"
"In a dense forest, a clever fox was always outwitting the other animals. One day, a fierce lion challenged him to a contest of wits. The fox used his intelligence to outsmart the lion, teaching everyone the value of cleverness over brute strength.","The Clever Fox","Cleverness can overcome strength.","Cleverness"
"A kind-hearted woman rescued a stray dog from the streets. The dog was loyal and affectionate, bringing joy to her life. In return, the woman’s kindness was rewarded with the dog’s unwavering companionship.","The Loyal Companion","Kindness is often returned with loyalty and love.","Kindness"
"In a kingdom far away, a humble blacksmith forged a magical sword that could bring peace to warring lands. Despite its power, the sword was used only for good, and the blacksmith’s name became synonymous with peace and justice.","The Peaceful Sword","True power is best used for peace and justice.","Peace"
"A little girl planted a tiny seed in her garden. She watered it and cared for it every day. Over time, the seed grew into a magnificent tree that provided shade and fruit. Her patience and care resulted in something beautiful.","The Growing Tree","Patience and care lead to rewarding results.","Patience"
"A young inventor worked tirelessly on a new machine that could clean the ocean. After numerous failures, he finally succeeded. His invention made a significant impact on ocean health and inspired others to innovate for the environment.","The Ocean Cleaner","Persistence in innovation can benefit the world.","Innovation"
"In an ancient village, there was a wise old man who always gave sound advice. One day, he helped a young woman solve a personal problem. Her life changed for the better, showing the importance of seeking wisdom from experienced individuals.","The Wise Adviser","Seeking wisdom can improve one’s life.","Wisdom"
"A young artist spent years perfecting her craft. Although she faced many rejections, she eventually gained recognition for her unique style. Her commitment to her art paid off in the end.","The Perseverant Artist","Commitment to one’s passion leads to success.","Commitment"
"A young prince was known for his generosity. He shared his wealth with the needy and always helped those in distress. His kindness earned him the love and respect of his people.","The Generous Prince","Generosity earns respect and love.","Generosity"
"In a bustling market, a vendor always offered his goods with a smile and fair prices. His friendly nature and honesty made him the most popular vendor in town. His success came from treating people well.","The Friendly Vendor","Kindness and honesty lead to success.","Kindness"
"A group of friends faced a difficult challenge together. By working as a team and supporting each other, they were able to overcome the obstacle. Their unity made them stronger and more resilient.","The Teamwork Triumph","Working together leads to success.","Teamwork"
"A young woman practiced diligently to become a skilled chef. Despite initial failures, she never gave up and eventually opened a successful restaurant. Her hard work and determination led to her success.","The Aspiring Chef","Determination and hard work lead to success.","Determination"
"A brave firefighter risked his life to save a family from a burning building. His courage and selflessness were recognized by the entire community, and he was honored as a hero.","The Brave Firefighter","Courage and selflessness are admirable qualities.","Courage"
"A struggling musician kept composing and performing despite many setbacks. One day, his music was discovered by a renowned producer, and he became famous. His perseverance in following his passion paid off.","The Persistent Musician","Persistence in following your passion can lead to success.","Persistence"
"A young scientist conducted experiments in her garage. After many failed attempts, she discovered a breakthrough in renewable energy. Her dedication to science led to significant advancements for the environment.","The Innovative Scientist","Dedication to science can lead to groundbreaking discoveries.","Innovation"
"A compassionate teacher went out of her way to help her students succeed. Her encouragement and support made a huge difference in their lives, showing the impact of caring educators.","The Compassionate Teacher","Caring educators make a significant impact on students’ lives.","Compassion"
"A wise owl helped guide lost animals in the forest. His knowledge of the woods and kindness towards others made him a beloved figure among the forest creatures.","The Guiding Owl","Wisdom and kindness earn respect and affection.","Wisdom"
"A young athlete practiced every day to improve his skills. Despite many obstacles, he achieved his dream of winning a gold medal. His dedication and hard work were key to his success.","The Determined Athlete","Dedication and practice lead to achieving dreams.","Dedication"
"A diligent gardener spent years cultivating her plants. Her garden blossomed into a beautiful oasis. Her care and patience were reflected in the vibrant life of her garden.","The Diligent Gardener","Care and patience yield beautiful results.","Patience"
"A humble librarian loved sharing books with the community. Her passion for reading inspired many to develop a love for literature and learning. Her dedication enriched the lives of others.","The Passionate Librarian","Sharing knowledge enriches the community.","Knowledge"
"A skilled carpenter crafted exquisite furniture with great attention to detail. His craftsmanship earned him a reputation for quality and artistry. His commitment to his work led to widespread acclaim.","The Master Carpenter","Attention to detail and skill lead to recognition and success.","Skill"
"A young entrepreneur faced many challenges in starting her own business. With determination and innovative ideas, she overcame the difficulties and built a thriving company. Her resilience paid off.","The Entrepreneurial Spirit","Resilience and innovation lead to business success.","Resilience"
"A devoted parent worked hard to provide a good life for their children. Their sacrifices and dedication were appreciated as their children grew up to lead successful and happy lives.","The Loving Parent","Dedication to family results in a rewarding future for children.","Dedication"
"A clever squirrel gathered and stored food throughout the seasons. When winter arrived, he was well-prepared and comfortable. His foresight ensured his survival and well-being.","The Prepared Squirrel","Preparation and foresight lead to security and well-being.","Preparation"
"A young explorer ventured into uncharted territories. His bravery and curiosity led to the discovery of new lands and opportunities. His exploration brought new knowledge to his people.","The Bold Explorer","Curiosity and bravery lead to new discoveries.","Curiosity"
"A dedicated nurse cared for her patients with compassion and skill. Her efforts greatly improved their well-being and earned her the gratitude of the community. Her kindness made a difference.","The Compassionate Nurse","Compassion and skill improve lives and earn gratitude.","Compassion"
"A hardworking student balanced studies and part-time work. Her perseverance and time management allowed her to excel academically and professionally. Her efforts paid off with great success.","The Balanced Student","Balancing responsibilities with perseverance leads to success.","Perseverance"
"A talented painter created beautiful artwork that reflected his unique perspective. His dedication to his craft earned him recognition and admiration in the art world.","The Unique Painter","Dedication to one’s unique talents leads to recognition.","Dedication"
"A persistent inventor worked on creating a new gadget that improved daily life. After numerous prototypes and adjustments, he succeeded and made a significant impact on technology.","The Persistent Inventor","Persistence in innovation leads to impactful inventions.","Persistence"
"A wise mentor guided a young protégé through challenges and growth. The protégé’s success was greatly influenced by the mentor’s wisdom and support.","The Wise Mentor","Guidance and support lead to success and growth.","Guidance"
"A devoted volunteer dedicated her time to helping those in need. Her selfless actions improved many lives and inspired others to contribute to their community.","The Selfless Volunteer","Selfless actions inspire others and improve lives.","Selflessness"
"A skilled chef created a unique recipe that became a culinary sensation. Her creativity and attention to detail earned her accolades and a loyal following.","The Creative Chef","Creativity and attention to detail lead to acclaim and success.","Creativity"
"A dedicated researcher studied a rare disease and eventually discovered a cure. Her perseverance and commitment to science saved many lives and made a lasting impact.","The Dedicated Researcher","Perseverance in research leads to life-saving discoveries.","Perseverance"
"A passionate environmentalist worked tirelessly to protect endangered species. Her efforts raised awareness and led to significant conservation achievements.","The Committed Environmentalist","Passion for conservation leads to meaningful change.","Passion"
"A talented dancer practiced every day to perfect her performance. Her dedication and hard work were rewarded with a leading role in a major production.","The Devoted Dancer","Dedication and practice lead to success in performing arts.","Dedication"
"A compassionate counselor helped individuals overcome personal challenges. Her empathy and support made a significant difference in their lives, fostering growth and healing.","The Empathetic Counselor","Empathy and support lead to personal growth and healing.","Empathy"
"A meticulous scientist conducted experiments to solve a complex problem. Her careful work and attention to detail led to a breakthrough discovery.","The Precise Scientist","Careful and meticulous work leads to breakthroughs.","Meticulousness"
"A passionate musician composed a piece that resonated with many. Her dedication to her craft earned her widespread appreciation and success in the music world.","The Passionate Musician","Dedication to one’s craft leads to appreciation and success.","Dedication"
"A creative designer developed a new fashion line that became a trendsetter. Her innovative ideas and commitment to her vision earned her a prominent place in the industry.","The Trendsetting Designer","Innovation and vision lead to success in fashion.","Innovation"
"A skilled farmer used sustainable practices to grow crops. His commitment to the environment and effective farming techniques led to a bountiful harvest and success.","The Sustainable Farmer","Sustainable practices lead to successful and bountiful results.","Sustainability"
"A wise elder shared stories and lessons with the younger generation. Her wisdom and experience enriched their lives and helped guide them towards better choices.","The Wise Elder","Sharing wisdom enriches others' lives and guides their decisions.","Wisdom"
"A brave traveler ventured into unknown territories and faced numerous challenges. His courage and resourcefulness led to incredible discoveries and stories.","The Courageous Traveler","Bravery and resourcefulness lead to remarkable discoveries.","Bravery"
"A passionate gardener nurtured a community garden, bringing people together. Her dedication to the project improved the neighborhood and fostered a sense of community.","The Community Gardener","Dedication to community projects fosters unity and improvement.","Dedication"
"A talented actor trained extensively for his role in a major film. His dedication and skill earned him critical acclaim and a prominent place in the entertainment industry.","The Acclaimed Actor","Dedication to craft leads to acclaim and success in entertainment.","Dedication"
"A diligent researcher studied the effects of climate change. Her findings contributed to important environmental policies and raised awareness about global issues.","The Environmental Researcher","Diligence in research leads to impactful contributions to global issues.","Diligence"
"A loving pet owner cared for her animals with great affection. Her commitment to their well-being resulted in their happiness and health, enriching her own life.","The Caring Pet Owner","Affection and care lead to happiness and health for pets.","Affection"
"A talented photographer captured breathtaking moments from around the world. Her eye for detail and creativity earned her recognition and admiration in the photography community.","The Visionary Photographer","Creativity and attention to detail lead to recognition in photography.","Creativity"